user_id,grade
2647c1dba23bc0e0f9cdf75339e120d2,0
d0921d442ee91b896ad95059d13df618,0
e6e713296627dff6475085cc6a224464,0
5dedb42b34e50082065a783265ce28a8,0
1f9702dbc66344013ffb884419665816,0
a891af9b4934fe765b5778469d1f1f45,0
ff1e68e74c6b16a1a7b5d958b95e120c,0
c99e757a469e0631c1a61e97949885f1,0
70322d1064e4f050c636cc507a59f5a3,0
324ceee24a671ea9383a804c12866b49,0
274da997412973c08cf7e78724153f55,0
7316e11fe78963395fbab4a85d0b8f85,0
f4cf6b2f6752d41541269a59dc0dd1ba,0
083ae7ea9e5e3ba6e3aab3a8b20bfeb8,0
0181dbcc3606f670bbe50f984967f358,0
0845e4af78488cb5bacf0cbf68305d08,0
0fc58940025dd55d0d280db02d87412c,0
49a0fa0ea45d6c65e0524d65fb737c84,0
5d50d910720dc8d840855109c28ad865,0
a3acd0761428f9193e6c01cf9a9b91a3,0
e59bed9538a7a165e0d2a1c34335a4ab,0
2d00ce98adf1abcedcf3cecb0859343a,0
dcc4b21702248a25947ecf9ba174e0f5,0
65b02eb3b457d64d6d5a10c5a441ad46,0
d8c9d0111bdca413dae5f7b34f611b98,0
723d8c61fce870c3474d080313a4a2fd,0
ce0f64f0de156e96c6db532f7f0bf715,0
4d65e08bffbef39d2422fcf6274c5570,0
a572b78603a301e85627812e54777032,0
fcbee6ab5decc1a098af13544f2934c3,0
314a07f9848eeff2f90ae29152999894,0
ecabeed61948e0507d85ce42e6f91880,0
43285a8b542fcdc35377439e05dcb04f,0
e8021a133affa2116ade5d414ca592a2,0
1d065bb34a7e82eb8d1b6f88112ee809,0
0fc689b458eb00b6922ffe04d0ed81f2,0
8b749c2d3de9c726555c87b137046929,0
3e8f9c678ebc77ab3419c7af20591225,0
e9eb7d61c4242009c49c45d931e08638,0
f312889cf65908647c57d219b7fc956f,0
ecd122037c0fd785861279d853231ccc,0
5ee821109b8c0798edc44ce096848be2,0
e13cb51be8aec520623e1e2ac5c30bbd,0
8d4eadd3ef860106996a64d85b86bf8f,0
7e204b4cb1b8fe81867d021953345cfb,0
9406eebdc772a83271bf87635d5d3a34,0
6f1a4abba670ceaeef65f8740dc3a0c6,0
f9189ab8a3d3920fa3cee4bc216d09a6,0
e7ab4900eedf6ca77aedd5bf1c978f5f,0
3ea620c70d807d0cc0fc56be47b74c95,0
8174821c28d61b4b5c3759302271d960,0
4a706e3521a7804fc8cffb020ff81a5e,0
8f0d589ed73e3f42652b42b71aa63041,0
cdf52db1a274aea750e0db61f6808a51,0
4568cffb6fdcdc48464c001aaad61835,0
29bd4e5d8afb69d69a9f304cb04b0df4,0
8431a66e04dc4b516b817d4083397de4,0
a32f2b4683283f72aa2419923d12266a,0
3e3eeaa665b7d18d1146aa4e654d62b5,0
e1bf90b942216b3516d28787a6d92179,0
05fee0699df76e03ef761015d2bf694b,0
2e1bffbe0a4173abf55c82998197e4d5,0
95328438828487935c032b2a8033c9c7,0
49348ed37f833a99d70fdb621f29d883,0
ce0ef02ee258052133aac2b7e2703f9d,0
694587307e3b9ad9f3fc3d30336f8826,0
fd035a46ae5bad60ba566f8c5a29b4fc,0
da8db4006fe6c67be94f8a614ad1f4c2,0
751b4e2e688518d84c4c92babb804abc,0
ea925d3fbe580d84c0d3540bbaf23632,0
b54e0fd700c67d338883ee62bf839df8,0
4da65c3c6f2a54e584f223d1c38a733c,0
e9257c73396fed853bca2ec0a0a8508f,0
c2d736b7e85518f0fd90dc79254b7ff3,0
c60adde57e3463be4abfd63062b2ef3f,0
9505533157609dee817f8c2b114e6045,0
2bed0ee20d2fca6465c94f8490eae4fd,0
b56dc5a434403ced9278d5429099df26,0
d02afdc32d3839389395930e8ff03d6a,0
faa6a0d36cb2c33d9bb742d59617d392,0
0638c63e4856630d501c580226a3df71,0
4aa0be722d7ee4d03cc4f2424658912c,0
34807b6a4c44d717990a7913a2f50827,0
63f40471db5d6c6ff81b860dec3aedad,0
81f802acec0e8e430b369564912b05d4,0
9f8f2741334b4c842393590acc59b394,0
f2b094aec4e09cf4bf8a6478f5c141fa,0
f090779db3101e2cf8053f36b9cdbc85,0
8828fe7911a34f844cf979fa0bef176e,0
9dc3e2deabfd32a8d338eeec45fc3078,0
226253e44a8d6dfad229ea1d36ad8623,0
500d9d8e1ec2b8118cce324077776cb9,0
f60441f1e8ed90349e7e2759f13ea7bb,0
c85e6c7af8a3f900015d74be4d79ec7f,0
d5fc6cf8ecee3238f011ffe607c7570a,0
ad1e55215111339cbe72132c0da93094,0
62770d907e3228917f8b09bb3a7746e4,0
5cf6cc94780f2a8f9abccab35907a5b4,0
28827e55a24eb90c6ebe500aea95b096,0
55654c092cd47b64ec9860f6a9cf3b40,0
6b691568e27086d23439d4f98149dacd,0
3b3389c0af8e4fb2bae4a429d8846ee0,0
371afbfa699ed5cc19e9a239b7c0fe77,0
e4ff416fed68527f8ec9e14cfafee488,0
246ea6d586bd64bce3ad12d53299378f,0
e50be3771bccb1410328a7a66dfbb66f,0
2283015b5cfc426dd661ea1c4886aba5,0
7fac157fc5e281926691bffdc60fbaed,0
61b82964a2f4eaf07cb2dea5722ac976,0
15e6e68928e7c4627e02e3b8264777da,0
cb6d32594861be519f1ca7d841521d80,0
a8e8cca625261c61bc0080668457f47f,0
16beb1bc4f3979ee96d475f1d7357057,0
f43fc4a06d0285c2a8301b7dcaadb98a,0
58a246aa9f929f59ca26fb5b40f4f512,0
f38874cb014a59bd360324ed08250da7,0
5ccd0c5c3e25c808d9af3b1cb17f13f8,0
7b06744ae66f18fe45e24050fab82c19,0
c9e285a573b5534ded164d71f2bb7cfe,0
4bff77dd93836a1ad0158ddc50006d54,0
b4a7cc0cf36446283cfb6030377f6225,0
e7adcadf700b1bebcd620a64ff70b50e,0
ac42c59655267772ef60dbc3240f1c3b,0
bdd252727956ad7fc42984decf50aece,0
004fbc40e3999cb7575fce07a1fc8b7a,0
d0c165103cf3b6b664ffb8f3d00134a2,0
db643e4bb25a651439ff10fe99004692,0
3e839f62db663f9848607822ab7746c6,0
4b35eee5bd4dd57419137a0c3e51f3f8,0
0305ebfffa18c5dd2bba6c7c4b5f8a86,0
8908c3aa3932665907d060f1da12857a,0
f9339e7ba56d0071f7e911bd17032638,0
b2ec8c2a8b24392d0a53e917dd90bf4e,0
457103c2c4a7e84883335c204daf43af,0
bd9badd61f68358ec9aa428d7103baef,0
f1942e857c2b8d1c089b8196a471d2ca,0
ee020d732f7856e6a2be16ad7678a47b,0
593ce82f43c9c82e33b06c90c64f853c,0
60e2a285ca63e1f00b26a1dbace52960,0
dfa552891560602381677fd279c634fa,0
38ef03e50c69fd992ec612e314042008,0
ec96a702a963f578fea797bbfce85a3f,0
834186da35c320bb249465721b8ff1e8,0
f00b940ee35cbb82a65df9d59494911a,0
697095fe4be955390f215f05db0668ec,0
9fc115a671bd5d90900a46b4459491c1,0
9c8c1135a3adf1061b753115337b4aea,0
ca56220ce92ded48c95b9b419c9533fe,0
9cbfb66f6801fc5d02ad2f443ea9e767,0
354e0e82fffec2d0b8a4413e811431fa,0
389d0f934413192ab653672a9ae84b82,0
4c59c80e5980590fb3fccfff756a90db,0
5d87651a8e368b2696be440e764b441b,0
4afe17a4cbb2721ec9cc0f69b7751024,0
3c8fcd14aaea6c0338d7ce04457bc6b3,0
a13f30b5ecfc3b28af2dee9131e67c2c,0
9fe68b79d4b30bab085d521ff5d6e526,0
63c16ff5e3475e0a84309b59c32d9045,0
a3fefea25d5f8439b5315c47651987ac,0
f88c1362a20dc53b304aace9f380b604,0
5dfe60854eb7ba75493cbc8fa22ec35f,0
d5f0018f615ac4c8fb02a87aeee99a6b,0
6e5b26fd591f37b8199a8305e95f14ab,0
36fdb6cdf48a692f469e16991d8208f5,0
3a64601890ce4033321f3344e18441ce,0
fdbcea7212595407ba30078ae59e134d,0
8f2f174cd0e191805bbfe1b5357aea1a,0
4afada7f31915891625c7d702a033122,0
b31ba7674c4ce759379f7906b184cb98,0
17a1b0cda80e2023bf8c9917bd60edf3,0
310932e489362e85e3f083f320f718e2,0
a761d1b0468b9f337b50be7d521a0bb6,0
51259edd235fa5dc9b249010c0680565,0
e41404b50acc10ebde84806b915b24f4,0
a16888454b9b4619a557993437a79855,0
ca603a5335f2ed6bc6015e037d341914,0
7b8f36ad87d9d39a06590a3004231220,0
1884fbcee3a589eb286ffd0af8a643ef,0
ea603abb1fa29bff207f38f63d658e23,0
6adc1cf250c0de7c38882e7f97e3de89,0
f2d141abeb9617d80e221c7656b4765b,0
c47d71e670ca4b28fee14d09c8871d2b,0
cc3dccfd21e7cf3d64ba3a91674cac55,0
5b5a6e1a239dd157f5783945ec7ad283,0
53c748aaedd755af706dbd56a48d0c7b,0
eaa9fa9a8d844966a14f71bc12edd718,0
40d520eb2bc3ef69f81c10284ed822e9,0
2b800424bbc2658587c9fbf52543a3da,0
c81fcc467a0129b5ac98724d90a08e6a,0
173782ddd377658713ee18c139d098d3,0
98a2279ae2555821e9cbed53dee823ab,0
16175171f129f3a9a4beddf7fc3fab5d,0
edbce027fa5772e7ee958abb81f9927d,0
8d54144df232637feb66a71176ae7923,0
8fbda40647aca6867f965ab162e1446f,0
b3e117a506758d5515298717be6586ab,0
b7586bb28674c5793e09844a58b5e34c,0
66a59c2d53858d1adb6643485caf847c,0
5d2914d933aafc4ccc1fc4798a50a24b,0
83d5fab6ebc51dd8321fa65a67e0a21d,0
8aa9dd1157240d1a8774120e29f636cf,0
50a1e1182fa37d425d2dfe969b442f18,0
74b275f11901b2f67dcc3218185e80f1,0
c362cd597ca64a70c7e9cb5addadeb8c,0
531b9bb83e583802bf372dc00f28106c,0
6e689048f8d33a3fea0728385998b772,0
e0c51c76e59aac09f46d53ad7bdfd92a,0
f3ddedc59c1c7f292b81c082bda05c8c,0
d328bcc422cdd1b00010f16844d9cbf1,0
fa557cde825dc6d7bfe666e5467e1272,0
4330a8f5a569f290ad59dfb497737548,0
d690fbe74080991d87062c7c3cee5a46,0
464fd3afcbd443e24f6bff649ffe382b,0
7139ff089bb07251f1b29bd4e6c87165,0
b9796027792fd98e448a5c96dd3e1c50,0
6b27bbf7471007c341635183f4d70348,0
5848d1c8ba03e614c4843b5c9257b36d,0
c319bb08009555b2f1115a12275169c7,0
13d9ae7351be21a423721b304a9ea6a5,0
1fe99950942596da49ee8af3c0968e44,0
50be8c0f120b35287cf7cbd4eb46cc5d,0
df6dc4c9958dd27e7c082d512884ea78,0
b55cf3c34a097e0e55100dce68c92d27,0
b39725daab956c160a4cd897256cee94,0
ca53b6c666b00a23cc3f3f5886557ba1,0
282917a7bb5a2ef2369357ef8ee24380,0
7ced00621fcd6a90962ff592922342e3,0
18c977cf54a3b3506224f460c5802ba3,0
e6b31d31455f4b00a83e201ccdbec10f,0
727a929693b687d05ca781f307852be1,0
56046cb292cfcbac8ef579bb726bd672,0
a69a4f6f892badbaa6b371d503829311,0
fb37bcb6c13988d481596926f33dbc2d,0
e36458289d2fdf3ad5c5e9cba84bc799,0
69d0a1c51c57ed3d17085a451d9ff069,0
ea4a1d3d6288ddd7a539849651a4271f,0
5d7f545a89bce1f818e10c0a04145553,0
c4d4c478971e799eb7eaa6dd041c082f,0
96a89c51fd68f6926abf6b2d18e9a2e5,0
dd4cb4ac696c9579cf65226c97fe8dfa,0
4f25761ecd9f9345f95b9b297d2f3cfc,0
f2725f2279085353e1dbee1e8fcc2ff5,0
fce0e51b10d7f4efe24277dda4ac647a,0
771b8328dd14a253793e811a666ca4ff,0
8e224da6fa9b5938b5b97d94859bca98,0
e440506328d9d430e9b5c296b1a1ab87,0
92e1534c2c9460864e900988123e731b,0
fba2341ba8d4284dec542c8554a11f41,0
baf215ba79d0ff1397987868bf23bde3,0
8dbb9d05e71702c810a71b0afa48b16d,0
1733476c23937f0c7729558671754e13,0
b341550cdaf7b822b83e3ac39ed936be,0
6331ffd91b36d8d85c924258f584e02a,0
9b918785d1fb575c5f4e7f22b8336186,0
2b3e50751d18ebb0ff18f258640a3244,0
6e7c876a3931bd22102e1f8c17381435,0
782c137a1e947f7fd07bcda78d6ff18d,0
ca4ef637704149a5ced60d4fc8c60f66,0
7c3c939fe7ba55e7620b3e70f3fb8dc1,0
292bfac5fb3f23e0201ece8f605688c1,0
34119d7b04cfbaf1cc7cb519c331e9b0,0
96ef1c0ad6eaa5e4fd19c4e15efaf0b3,0
1f7d820ebcacaf82188ee1d05ed42c65,0
5aa79234d040cc6a78179440e57564f1,0
90b7a11fa06ef80c27daccacfccbae7b,0
2c2606f0a6b939c56659c769e28ea0ad,0
467f0afdb687092351f7949cc709d037,0
73a7df4613e21db188a86ad35cee20ad,0
351ec828d86d6471dfd41b14a827256d,0
19272f8e0cdccbf19a9b30c5412d7339,0
0a06293559b7a7b23d001d7b611b65a7,0
7363b5ea8fddd0db26dc938eb6b7edc8,0
800db7de374da923c5d8810ef76be167,0
68b8461cbf0f104796da095c41abe5d0,0
c64c213ee79999ab764ed6ff0d2cf8f8,0
7d38dd5ba83d450dc3b5d3fb48561b37,0
60df4e6570e05a55ed6761bd255d7ec7,0
529a922790666dd82381b39bb4961785,0
2325e333cd63db1e1c8afb7dcb9be5ff,0
d9f2cf5f60f5c0a2d79a1e2f74d97a6b,0
345ef86022bf6173e0077f6e0e2d9628,0
960c0f7a0e4acc13d9f5b16f57840ff8,0
6c957c6e786675b34b6c356d036c3b9c,0
c93036aa80f272dbdcce70a4a9c8c423,0
c2d441bc4d16a5866ee3bd400da8b2ad,0
45a8d32eac0453d4bbebf8adab62ea29,0
b8de3ddda151cc0f6f4d1195b547cb60,0
b13345a7a393cba171a3f05384f27d78,0
8aa6a2ef5a15525796fb149eaa21f06b,0
e32ca88d980d8e61b54d0c276fad6699,0
dc4353aff25597ddc34e795c84183e1c,0
631f76f527c87dd4b5f816c377a078ab,0
c68a17610c8d4de3b06d35b277da8ba1,0
770713e01fe7c4a014e745eab7728adc,0
1d756ef4c648b1dbf747349b24a490bd,0
d501828712e2e9683c590706935e96a8,0
a97b4f205e7a046b019e788b70466034,0
bed8ba841499f0aff7a371170f8697d9,0
d0410a5b2082fb40bd999cd9d8995f53,0
0a7d74b0871af4c6e2373b28f9a60734,0
87d054dc9268cc14ae050b806c5b22f7,0
e5d7d351579000c79b3845f36560d68f,0
1053139698a2943d29e9794bffa1d22c,0
4a5177e4df952e9e21d67f317431b03f,0
8dd6cfb0c734f6955531ba843deca6a7,0
934c38eebdc0589394f914c4a22f5fea,0
b6f8fc3c6de46b4742bfedd84265e783,0
b3f2b4d369072a15fbe8a2cfb75b4e80,0
b488835a7fa75bf8472355fc8cb7e31f,0
65db85a2a6625642c60d83983a35f806,0
f14cd019c3c319d689f5c3de3bd697b5,0
9eb012df9e0f18b2bcd2b6847b59b6b1,0
adbaab29c49e500e4cec4674cb2b9eb0,0
18b01c7872dd4a9ecd73f013ed92dbd7,0
44b54f70ff72e94445c7cb30aaae7968,0
02d016ff489b444e918a67d2fb4ccc10,0
0e47092ded9ae041c9cc4c942064d7ff,0
135ac6b21d7999cc13518c8db313bf3d,0
890b7f60087520eeb6b104903fc75aec,0
94b44983d2c983260c5066d03818cff9,0
3bc447452a45751590f7469847b0ad9c,0
a96daac766f62d32f078a3a5cf731152,0
c5aa73ec508bda013c7462a53cac1899,0
783fc91496d910c2cc22f1f62d3cb75d,0
ef7d522b4e65884857b3fe4eff283787,0
a317df3759c7f72e7d92e0a53bad9c4a,0
1a125aee9bca1339fbd1f4644bfe34f5,0
7386253f8467e90d0b718bf9ede02f5c,0
32b8d24dc819a7f27cdcef076734a66c,0
309bfc192b075005b1e6fac44299d5bd,0
77ac186af5b1d0cfcda66075da25b329,0
9a8ce01a1a8e85fbef4df87307b8d554,0
5c22914dced8444bf5cc8b8d8f123f44,0
dfff9619abd77e51943f2e250a3f191e,0
51e99c26d15c85c98b0556693631c639,0
8cc90cb2396d4664d5b9c81f16374805,0
a546297bedf40bab78953ac7e9aaf3d6,0
e33ff30ef653bae57cda23d98c2d61b9,0
cdaa163bb161cbb1d21298f9bcad092f,0
908554d1d93ac70d8524c5c21a90b1ec,0
20fb17a368d73a4e7e1f92492aefb153,0
82fad28260d3eb451c16a3415fbef795,0
b9e6e6e9ae24bca52ed60ff7c10b7507,0
227e2f56b6be5c752581f50ede79409a,0
c95cf870a9916aed871b68b6ad3b923f,0
ca62cc5d31213dd1aff172d20160fbf8,0
26a0ba330ae40247c93f288049632550,0
3542c68d52e06ac8204100a59494fe27,0
556993fcea0c1c92021956afc2111ae3,0
e4952b74221a1d073abfdf25f0031e5a,0
a2e8417ac57568854f35ff5df97b4a8a,0
cd16b18509b96eafba084b7aa880a504,0
c4e1ab9c74166dad293f0b48fa9c5d5a,0
47c0d727790fa2b00ff2aff767d68bc0,0
59bb11c9f6261b2d77d3c69bd4d9e8b9,0
27f62d81502486f7bfd577b0f60f27c2,0
17ad607f5b734b23fbff984d9772f9d6,0
9cf20e8ed88479b36848359459b5f944,0
80fac6d32a065e0ad85cda8d072c23d1,0
80bac3c73e7a562eccb6d7316647330f,0
d426660f49bcd6eab5e2a00322f179fe,0
0ec5da526c9cdd6273f9f18e0f7d354f,0
eefe7e0a010724fd9886b40d62390f4c,0
35182d1dd319e982c001486955773aaf,0
c3e3f3fb9818372c08cfa771e80ae614,0
ed5c85aca02fc11b44b168c73315ea1f,0
5d416b6760825117c1ebdfb9e09624c7,0
82709a5c5895c146ce0f389a89ce9bbe,0
99553c6e3e20e39d8cc505e7878998ba,0
79314076ac9e6d043a8b89a25e6a9dc0,0
44fa47d6b5b823bda9a0a80ff3343d74,0
542eb6d3f09edbc267c029d1db13a008,0
7de07e058e2ce0c79690e6ab8173889c,0
2e5c4eeacf2f5e4ba6f73b16ed3df1b8,0
325c7b3d86098b6096a0b25a262d3dcf,0
201370a21749aad003df6a60f5d24eed,0
af3af22dc06ddf0d814091b4e3890c55,0
c2d9ff6396c42fbcb84dd191ea546397,0
91a1eda8f5249d69e881ff138fc4f5bb,0
66b2e17fa64d323454045415a4b63ee9,0
ee3339c925a5d90cb82396bd76aed818,0
0b3438e4e0e12be902082fc03b3447bc,0
d51567360301648a736238283ae86e08,0
0425ec756d3d6746c5a4c2305d56166d,0
130c060c79c12e6099314638ba54c20d,0
ab0017ce105ecc121919bd73d6a9cb7b,0
4ec008866253f976ad7264f35abce996,0
df3a4a11ff4313d446d6a3eb38a27d1b,0
2e0e289de98364e490e241f6bfaa9ae8,0
a6fd3f40c4a7d568eee1554b44cfb643,0
e3446a5b34155df15bec165955bf5c69,0
8bf5763f73e41d43c0b2baa77e208680,0
3f5d08f9574b70e199aea85feea640a3,0
14562470bedc02a3f3612f114506ed05,0
641bfc88cd8166ad5f4b390743ebede7,0
e90454d9204051a6a853126272688b28,0
a4eb7e353bd0e7bfd1731df7fd740472,0
e98a3314bb601fba7a6a4e7949dc4258,0
48c301c2780d064970a45458daf9d0ae,0
88c0e0ea4cf864f7f05ad0eda36e8238,0
3d92f9084d42c82386c5f56df05ad4ec,0
2c3a39a0c8d9615db54ac8f32027c525,0
175318c78da9e09fa9dac54c988cd593,0
e9fb90dbab4809b4d088a06f040f29f0,0
13b8284ba34ad8c3f0935f6f36b34a35,0
53bf8af2e47337a6ea2b9b7ab61868f3,0
f517515c74066b20f668adeda1face7f,0
6e1ceb838bf05299ae3ac2dfb3eb2fc0,0
b36755bee3d61e4960795a65caa58b70,0
b19c01294b94112ad54a777c01649541,0
bcc098cf589cb186063d1c3757f5b059,0
e032217229477fa0ce7ff2a68ae10493,0
49fb02e2c4ae2fa7192981c08f5d928e,0
10df8bf40cc84a401ee85d28679a7c9d,0
7ebba609a5b4596e72ea4fbfc0f051b4,0
9e39a14d0c09874ca7f7d4e7d00f74a6,0
f1c662d5182232c2996056a99263c15b,0
7488ac39e90290b9a588b6748444e6d2,0
4d57169968807b7a285053b8964e9162,0
2ec1dd55f9ef3faaed0e84330b3b421d,0
9761694d82a89191dd26e015124380a0,0
d503a45d4a0b5139f9c7bb65e4786414,0
48e5414d3e18e0a103685eb163c5c248,0
7d955692642d680b0be8cbf0810fbec8,0
70de297a94bd6b4095ef90948085b029,0
3b66ee7d09ada92a613eaab7a5154236,0
809df1a1dbe479693d26d1910e5f4080,0
976bb30ff326f8c387e1282df3f28802,0
23c193af8d2ec56200d4f29eeb554f5a,0
74433c47784f74c19c159d3e48478c7e,0
07f24ce500e55881770dab03ba817bde,0
cb7d67351baf2de76d0825cd6603fd6f,0
1bbc9554ce2b61e2d8bd1d9df21ae70d,0
9cb49c654900a68edef151f2d9542c46,0
29ceb2280acdcf257fa4d8c8fee320f6,0
aaf63e4b38e9b1a405f20ebe6034d93f,0
761709ac719ea2cbf3f5df097800b417,0
bfc846c1f77d4e435ea81a79021b3ab0,0
27825beef557a1e899641d88a0d68ef6,0
ad38ca860ea87d015aa54d7a9479f74e,0
aa9d3d514531be10ffba18a306f6316b,0
bc8b21469bdc215d9be80d645a03bfa5,0
376cb63d36c8e79b249c88e3342f8302,0
c36e658eeeea6c77854312d459670a22,0
dcfd1feaaed89772bbfe03c4420ed004,0
432f06786d5c608f2873f2f3c2df70e3,0
ae5540de34319aa056d85305b04f2e3e,0
6e5797fdd80fc59c33b8c8cd4194536e,0
f75d27a511bf629fc66d96750dfe9016,0
d54f68ae2844185b8fca1c21ac8e48a5,0
eef4eff8864096e2c7b9a6e40741dcf1,0
32806cb69e00ddaaf3847937c32700c8,0
0ccf867007b3cf0127070b632b7404f6,0
0750407303208094a9c6541b920ede51,0
02e395caaa76c1b26158f18fc8343f38,0
29d46fe286f5d7444a818c8b73e80a25,0
736bf5cda0b19dcddfbbeaaf468acf6c,0
3dc75d469ed4aca667cdb4f1657e5a56,0
aef8e63c2ea5ddd65d2f41b7942832d1,0
56313c8d002d87e4d156c6d38319e4bd,0
8cdfb2cc211974dd2cf2a741f2d6e148,0
14749a07656cf1c52679f4fad8f5c549,0
8c16b99ba84540293c4df549515d9837,0
fe1e8f849148b99ab30f93c9617d93a2,0
9be4560e0e67a5f12877fbeed5cb8b57,0
ba1ef43fa86fe79484e725b52aa9ef22,0
67b232317a1a03e1ec50055c4ce0a8d1,0
bfb55dc5c1c7b89ed8a9a15995549767,0
63042442d9c36691d7d425e54d48e642,0
a3547ff6c72977a646ee847accf8c5f1,0
280376c57e93e369027d6a07a3b3e4c4,0
bb3d1683ea11de37af1ffea72851752a,0
04c853120233cacd1f5ffda8e98038d6,0
8d16b74a1f8a4cae83e916f25b37724d,0
17e1dbe5b91bf1c3b494e6e3bdf27c3c,0
4edd24d97b281c6ee1826f0d44c51bc2,0
fab6e4f14321ce27d84925bc5ed49358,0
2daba66a0a21b9498daf513bdcb5ecde,0
bb02dfe7ccb2f39f20ee39442b9e477b,0
ab47a12442ce28cbbc95f2c464f9a7dd,0
802f5348954027db78280a3db74674ef,0
ea996c29ed6e99e88185398e6a1befbf,0
df1fbfd1f364e2ebfab0f0b5e30b8c19,0
6dc4900755f1feefd378dc71febd4c92,0
34f49a07891cc3e590ee9a9b09b0d1b3,0
e59631f080cdb7f17f8ee950faa2a5a5,0
d9eeddcdf579c83ec8491aeab98facd7,0
40fcffae7a6eb1a62cf6cfcda92e98b7,0
2ebfe68fd51a37f6ac37009d4e963d8e,0
63070a2736bea501b473665cbaf2a4fe,0
471770adceef8802ac64caf98545c79b,0
d1389222f46b6018d87d801b68257da0,0
c67fa76a6de907eaba8b69d1f668b890,0
44fa7cd2938cbf42511f38031f0853a9,0
f550265453f6c39ce1c414ceff57e1c3,0
abc4bc6720580ae623245c2e54f731c9,0
5e9006351f6d3770015a77499a07db11,0
fbeb82de77b72c5e5d710783032ea594,0
ec3312ccbd503e5d3341604fdb384324,0
45885fbb50e342b2e12ad10be4280c73,0
9ac1cfa027ce2aedfcf982e6646fbc5f,0
e2bff09f61a6013df9859da286a66ca0,0
13e0b2610fd75831f73bf4521032187e,0
a41398fe873f132a6ce64cdec0545e4f,0
483862460405247d16049c7b2e0bc267,0
fab17de33f7a647d7abaa44c58a4372e,0
47090b2ac8b3c565ae787616db3b4fe1,0
e056753c7280a06d602f5ce6ac216147,0
dbed0e67cab606e1aa4f679d4577159e,0
2d77f2f2e1078b0bca31a46973577c1a,0
caefe5695e8c5121ba3e8fe73ba1f76a,0
cee9f5991f00478fa77b5da535ae5548,0
0493d4b78d9aaf82a87ac0838a4c03d9,0
6bc0283050250636014c98b10dbb673b,0
a3b97c4a16266b92a09323b9938b1794,0
813cf7bc5b7147a3ba46b8af5f96e231,0
2abe849467ed96aa2b7ec2a1aa92a277,0
460e5472d9b4805137f19a99a983143d,0
ef47384101aa003b47569c44b849a5ff,0
00a98ff25199a9bab6cb5954be4f6d27,0
2a6c1e649db8e481e89431886e508084,0
a953cd06d2f59e7e1497afe0e6a873e5,0
3c0b73e98f2f795e60d585a26392c73c,0
d7a9bdf4501883b3fa0fda76a7d6af3a,0
470bb1ea1216d6fcaa852ab8d3fa2db3,0
635b4f5fc7d03b744151ca04da4e1225,0
8b9190ca6a5a12cc6e4159ee8ed0f2d4,0
52923a45d40fbf49ec35400618fcbda7,0
df534f8aee9809a239959b95abc4ca86,0
520a23e30a8b02c808af283db6378c2f,0
2df07fe7ea63c2da82c1ced7fdc33819,0
dc99cd55b8d92abc7118fbbe9378aec7,0
7e07b0d02c8ba9aa4ed30bad390aa1ca,0
169b20dd58e5d1aebe3ce1c905d8c20b,0
6f10183ede0b5b19fb6e83092433a04f,0
dd168b7a9fe7b898226ec5dd25c52b49,0
c756a7732569d04a4f6e623235d5f799,0
2e5b98039399208adab30d166fd72de8,0
49c83ac691774e3c05349e09fff15157,0
2b0f35c6846bbc92c8afff0605430fcd,0
8eb5c4d1cc06e181bbf73815e88a0f7f,0
f960164823b875d38c2e38e63c27461e,0
ce1088269bcbfa94acc5abad5bd8d5fe,0
962401108f48f32d5c33ea896a6b0fec,0
ca10b63d2833f363f9314f62dd83f053,0
864d03900059217fcecf04004e73dfd4,0
a7f04e6e7fa04b0d27402a1ea213f894,0
df34acbd45c683a963aebff5e04512dc,0
b26e09861e6e1dbdd14ca1a0bbdc1a62,0
53a3ae9ccfc4ca4df66e42aa7447549f,0
ab262eb65130d7f6d660bdf30b7706bd,0
8cb09121ed487b35cda0caf0e600c3f8,0
26568da2aa633fadec134897cb080474,0
2ebb47d9aeafad05fcad57ca007bda39,0
b0d21870156de6ed670e4ad4315f3d83,0
b4d2b72d63f1d8071db92fd8cd91834f,0
7c89752762d6fcb420d6c97c0a4f8aac,0
d5f493d5ab432377ff4f50778d2edc0e,0
ffaa3ac32bdc5c22ca21e8b2d0e12ad3,0
2f5e9ad8c71ec36e3c4f9fffaa0310d9,0
56e2e4223c2bd58ce71270f3ef4326b3,0
3b2d1606a9e8f743ae00ba565c251abc,0
42c66a3abca12b7bfec572a4ee793688,0
3154d1ddbbe38075a054d20b16531987,0
b64186fa851beb21867612cb5d08afbc,0
ea4ed33c93bb5c4add9681b502893090,0
b87609f2f8056bdd9ee9ac43230458d6,0
6f602021b80209b7cafdc0108ea9ddf1,0
1f76b9dbc1a1e7bcefa168bd467eebd4,0
67881bb4dda6bdce9434539ba2874d2d,0
2bc13d4938e8d5704d5a3e1e5ef25f4c,0
0b3356c6e78f18f8d9cd5d2922a2f393,0
fdcbf7807bb3481f58381a8d793f55e0,0
2a768f5d9cd8b70b838abbbdf762b81b,0
8f7c896f0643906548b4efd39798f31b,0
d0a7048d5deb386de178c1eeae629a9f,0
04ef272d6547c6cbad29ac9042d37200,0
81d2296d91f971c057f6504ac715711a,0
745a27b081c93ddc3df78c21c5bbf971,0
14df58abbfff0259ee98fc5fc4819a9d,0
a81fa8f8fa69e9761df872fb355a8038,0
f05537dc36771880b097113537f28ed3,0
70f5e0ad49ee89fc547207c82476a5e0,0
aec781bb5818ac2b5fd8f394b1984b6d,0
2729a07828d6c7ecda2972f55cc2af6d,0
25b6993a2884925950078dfb36e710da,0
1169775e35a1c32745c4a791827c7432,0
fe77ef6383231ece9c9464116f10c9a4,0
f3951ca4d03d42beae711a30ae352222,0
89e76cfe96634af8a0e9adddb960bd9a,0
323b82cbc440cae2df87d7893ed9feb9,0
704babffb1ee8d04725942366112cc06,0
9676f3954b8c7bd3a68b4bdd5e39f2e5,0
9b1702525184ba1a7e27e67c154b4ed7,0
be2a0ef0ebf742156d7ddb62b55cefca,0
d20b7b9e7492f8bc398c01702b93f89e,0
0ed6725b6a487f0772fbfeb2bf15ef2c,0
7fc161095e335cf74176e73f6820fc78,0
8c958800814eb660fa5fead6c4aae492,0
b4aae480c925b49e3bb9e1d4da61cbca,0
a75f3775d1e8ffbd0794acdb618450f7,0
9132b571d7e7ba9150d8d83c83c3873c,0
33f1fef320d73920473f1412f94c86c8,0
22c625d60095ee65adb30eb87d74d239,0
f3afd1825c3b65708d90a12f0e2ffbbb,0
28237a1eef72c18c85699a7eebf7fcb5,0
c0340315abc9eac2e852483fd04a7345,0
ece2ed4da172eebe8c5bf99d7ad39a81,0
99097a571f6c7a853dedff6d68009426,0
40f87ae355cc6de0b69f6c255ebc2130,0
f19cfc344b68da5597f318691a86423c,0
b142dbd71411d2f75d64956cb2ad0e5d,0
2445c40950ede6ca4cf05246e88ce1c9,0
6fe9481f7eaa3eee07d72485ae6c3499,0
d76a901ff7ee40e6f2758a11f0154e25,0
8fcf2d1fe05b15a76485bae241ff9149,0
d5d5b556970fea6dfa0c23a2bf541360,0
c90a4ab5f9f6fedf73d82be03d4eecbf,0
7038a4b0e6003fc38dd97b1743da00fc,0
cb4b9637c59decca7c2a9c0d0ba9b8cd,0
f4814f7637c3176a24a952b873455ee8,0
cebcae020d39d6e3793bafabc1c8f801,0
08339ce3664eb9e12737a82795437806,0
446759c2bbedb840a0511cf3acf36b73,0
12ffe2b29b229a873c1c4d0efb5b8733,0
859830322182e79c3a6f755c0d21e2be,0
70790c2c30a253f4f70e9cc1115fa4e7,0
dbcf85ea2873ddec7d442bd43c1dc467,0
cf495b97fcde8038138c2c526056cb08,0
e201392b3e4152589b2c7cefa00bb515,0
cd0972697bb05bc57743249c59ff30f9,0
67cde9a63429b289595069730ab7ac61,0
131b9cf2e811c35fcc41e71e672f17b7,0
c70788f692a9afdaea63ea940c64a3a4,0
dcff5e17931cd32f79994ac90caab8e8,0
06486ef000a7e828b0cc79d96edb6c50,0
3f553b47ce591921e79d9feaa3b53ce7,0
140b267e8c90e482218d5bc5a29395fb,0
959e9cf196ea62d3afaa00dc45c91604,0
cbfbba345fe7ade81d1b7c5a521e6f8d,0
eaa403c9b3487e48414acf7dbc74c0de,0
488b11be6d8387b4576e70d15bd4eb64,0
908f576a7dd201c24874adab9557d1c8,0
4f951f5481b96fa1f7ff67a4925eeb25,0
0c4d5fd7fd2396eb59cea4df8ece3518,0
ba3d24c5380e2d7505e705aa6e42ad64,0
1940433d101b6def978cb7a71efc3754,0
f50d4b327343ce8bb46c00d214ddc843,0
2da3bef5ced8acf12dc4252709345e23,0
ad3f7fc10afd16809acb55ccb2f84eee,0
31ed0fe4d9572a056b02b69d4e49565c,0
65e3c4811734c7a2cda954fa4ad37c01,0
c795ce2af5b72aede55bf138dcab8550,0
4d009928146651e6d5df063012118e79,0
89260a6dfb0c8ce1420421d80056114f,0
12f249108722f2a19317c421969d2575,0
df2da3a2d22a210626d650acf479aee8,0
afaaca613422fb3cd327b6056ff0f1a9,0
b2b63591063d9c3d58326793d6fd923a,0
9c56ee82b859e707642c357ce8f142a7,0
028f5d6790ac5657af475ebe01a56079,0
22e62b5266dbea44dee57d62bae6d845,0
cac83f22e74ac343749130f8cf45440f,0
2262e2ba649594c8d2673e51ea1028f8,0
49c00fae04bea25a024c5b258920e3a8,0
66265f3473060f96ee907036d1a84890,0
6bb174f6f5ee42b6c0ce77671e11cafc,0
0dd5b319588c9460b08fa6acf5a570f1,0
9fb887136a1caa387f6d3f748f458f78,0
4f3ed01439822b538cd1d21f7924ae60,0
0dc88f3b50dae5d52427bac9d629396e,0
92597518e9cdc66510982be2154c4238,0
ed438a27c4f59c04eb6f22ac1841f268,0
8f543358e90e2fe6b9653583881b85e0,0
1871f1e2d522489825afc7eeaa34b0bd,0
8bf5f5c225628d7f4376d93cecfc3563,0
89ec8c45f0ba4813a246b0a6ef0f23ad,0
c51d254649ac1eac3a97a1dc9bc567bf,0
7a7ab0cf629dba5e012de7c4b90fd46e,0
48cd3bb4da6abb751afc18a6023409e2,0
792c25d0a30c8b3375b27e4bd7f2e9f8,0
ce1989dfe3047ee7e5b9e061c43930c6,0
59e43ca56ec555b77fe27032c338abea,0
75e633d368a6c5edbfa1f70c529ee2b4,0
4c54657658dba06a57ba571d271a9eb0,0
1e8fde8e34d317d18e576584c45df19b,0
a57f0f8d87b609f51745b31853fcf7a0,0
2eb459a44de0aec3fc22816159db4ddd,0
5991dddd24da6e828c58179f319c3704,0
5947f71b3a101ffce9d40d86617d5bba,0
2e41a1905aa5a30e0562862925884d74,0
6ba200b423cdf91240a423696487ab9a,0
427fe3dda4af9986a2a42980d13e9349,0
1d8ae9d91975fd3f30ef06f0bec5d59b,0
f2efe271caa840ba893884846456f009,0
b3f14cbdd66edd54527433426ab8f044,0
a2d140808db376a18e3c3214a4dbb3e3,0
9a25a18adcc0dd26af6746e457c0661c,0
fcf80066da04ef24437a8db61bf3e1c0,0
c9c79de05e4dee9ece2f6ba2f9ee8286,0
5bd9d9d29799e55197a8daa0371e6bd2,0
91ff4ca8a6ac228239a577f99cb4bac3,0
570c5a642e21a2e93fc4c5d21b61e487,0
6e38eb2f5d41056dd12d24faafb3b3ca,0
5f2dbea503eaff6124a21efd43ab2005,0
b638245b9e8d53e46fff458f1028f378,0
41e6e3c6b43c4eee8c1214a83bbd1d1f,0
6d86bca2c76b51350c71fbe07850c25b,0
3a2e75caab086e026cc14a3c482bd2fe,0
ed7b83a3ab1e17db3779ec35cd2e4868,0
f8343dfbd8f3ae435927a12766927ba7,0
cbb22c4f793ef0cc1b82d536c154a750,0
85969f616da4230c17d60213bb882c88,0
c7f83f0e5b61d79afedd347ccb374814,0
cc55081e539916a5dbe8861e2a17670a,0
5c0ab5c6c8c00f9db35df05b3bf74952,0
0c5ff0bb76f6667d8aceaf680ab5c71c,0
ed85760640b6a8c261630f6e9063768f,0
51f9ae12e9a6c41cf5c5ace90b4c6b53,0
8ee5d3542668c31659f21072121cd72a,0
2509e3c52c3113cf786e34fb5c650364,0
563f6ff0aae0f75ee05363ff416222d5,0
af76df791f0c3176f143a9aae9bbb9cb,0
07d673248082b4f7d0231bbbd976206d,0
a53d16d841578eae6787611d92413026,0
1c9d95bc92196b6d1eef17c28c684124,0
87e5b086aed5a5b7bdada339197ddeb5,0
17b0593569926b603e6cf6c38772d345,0
e4df4547f2bab026c47d0ff5141cd2be,0
c35209aa55c7ff67fe7fd0fff6f49e2b,0
739de7f90607fc5f104d564a1537538d,0
9205a12029e4a35afd7fe62892742c56,0
b2db33bd03b90306011479f6435f6239,0
9197588c8c67dfb6825d0a4c70bcc01c,0
148135f8bcf12c1c76a43f2e5371c6e2,0
5d1fb69a95a11c79d2cc23d323ab8542,0
157111dc9aee4e9830fc6e23e770318b,0
fcdf0c62a8ebd3c06235945ded06f7b0,0
0699382d5a6181e8327c64cffae7c656,0
7af735f2f00556925520de9f0ec5b510,0
27674b942830505619a2282ec5106e26,0
13db9c7ea44fbae13a51fa169b7465e4,0
2596e762ab23c1e48c014f3b74391d23,0
00b59133ff74f750038ac45cc8ab190d,0
8d673635db4dd62dd839d528a6b147d6,0
8bfc77b70e78c47bf96eb084543d8b1a,0
e395c3236bfe5b34831976a6680760e0,0
2cef58da3f38287736ac1918182d0409,0
a587574782a7a531cd0d560c22ffae87,0
7d96b80eb862e2d0e42706c4bc4145a0,0
2236db7953f24812d6f6b4b44e75e8b6,0
1bd123499a4a4fc7f2ff81131ab1d158,0
4ff2495f74b62ea75f15d66c62cff7b5,0
728d0b23b1f92fd085e8582987f34158,0
38bfb84e83a2bb3211c3062b4f7583ea,0
11cf2fff6735b86a75d5206a741c88ce,0
05ebb249a16f5b8a6205896e5f6345b6,0
9af4c1ff247988fddf8783be842e04c1,0
8bfe3aed79f6245c87ac5bfc39e2e81d,0
cd02c23df24713d48280d4b31bf7127c,0
75d0dccd67b37febbcfd5d790e76d7d2,0
865f1b894fd362c776d9e62aeb448fd9,0
e08987e9d6d2e441dcef251651b89bdd,0
00936d9181fad38deec90d2af5baf0a0,0
e1d8d64d1e32e2a0928c27a6c871c83e,0
3087b5a8ab4dd926f890bcce94e5fe6c,0
d1fabd36967a2148baf000244dcd2649,0
4e8d5abf583ec0a1b391753bb1c4f332,0
da76b0393455de7b8b806b8af5fa7fd8,0
a5ad928ce9e216f0d7b78470327ff2f8,0
cac6e2c8ede2cb3d7907cc7de350c69e,0
5dfb0a7637f58c34061893432b7a8932,0
20eed9ab7a3c3d849ac8a6f68a35098d,0
55f42f8eb1e5afd037b6175f4ecff1e1,0
26473713bc7dbf74ebb29668dcb6a498,0
85a5e373668a9eddbc88c3371099020a,0
b9bbe7c8c6dbc174434b132dca05125b,0
38214ae930d43525b2345d8316bb5fc7,0
2c6a1b2aec0ff646f3bc28eaf0422355,0
f1cde14f81847d03c80464a605207068,0
057f8cede8469855e62f4154c2eae1fc,0
522e27a51eec0ae6672fe32659fee974,0
883e6dd40775a39a5822ffec8c2c77a3,0
48ca90db3966eb5f4477088f4b40d6e9,0
e99856cbc1b2b6fd12d00567fca21bc7,0
420acc7bd675f5e7022e02624b566b49,0
db998acc42ae31c46f93ab88774d1435,0
727d1267fcc31196811ee7d7a1673738,0
d988997f17af56e3aea439602fdd26f7,0
4ff727f1a67a0e63e268a6735758a3d8,0
6ef9cd1924e4274c94446ff4a48c7207,0
25385c9a53df7df5747f87c36758dfe7,0
ec78e9dc805a194d925fb1bef845f342,0
0b4a563f2e72298dd831afb392984e14,0
eda95f5324966c5f88c84d372464d74d,0
2f43957d4fd3bb22f8c54f8b31bf944f,0
919963d28bc09a7545b490e962c3f305,0
735a8bc6e486edcaa015839ab2d118f0,0
da2cebfbbb594423d7724e09a4c09966,0
0b0c4784c006faa03ba9f2778bbd796a,0
cbf6354ad15b1fd9b59b287a5db6e3ed,0
0a1e6acd1ba53d99ff9feeed24094466,0
caabb3930d09127a511a567daaee3535,0
ffa6e390474ae7cf59b4800221cace88,0
5c66bc2ea878952f29cc070dff406129,0
fa620b2610242fcce575b279fd8f4892,0
1e0dad31aaa84b8e6a4a4bd66bdb6248,0
02a46e617b989ae1da4de2876d5676f0,0
e053952a163b49e501ec0b3bb8450465,0
34ffdcf48e2d7a15ac5966193215e4ed,0
cbdcfac9c7d2bcc2150503cd9dd9fa32,0
c0e0fc7e2acdd18d7704ca7cebbd7140,0
bf475976ec6514996a49c756db74255a,0
e2d796e77d273739e2edb098badea3c1,0
326d632337cd7cbdfec72ca0e02378a3,0
7be4da221c4a8fed082908ccb5f46315,0
189796a68e4df88040b9c6dae0689a9d,0
6a52947b72b733bf3ccba85264a3e46c,0
9f3a8a3520a671eea06677e73b8b4417,0
a0a9252cba4577e5325b575d69319a01,0
e7a6677d5dc3f9da5941fae0390cce73,0
6a72ded86bda7185df8ca3892fe4fc23,0
31b4428f7509a8e15058a76e26bc67cb,0
9a688c393e61b7b0b94b8998e9e7b020,0
1c258acab57414bf7fc5a28affc7ef94,0
e70ee11c8699a0c0509e73f10e06a371,0
67d044a566a53d230d2593d6d92767b2,0
98ca596e1a5c20d44986b00346c75dea,0
e0afd2b3926f067d4005f225d9358f77,0
1b214c395fe2d63b7511363a15c86103,0
373bae2b4cad60eac40b8319a990e133,0
39f3e184ba2ee2e8a144c55ee2cc3f5c,0
b929bc6160c5d2622e10fe98e2d11aa5,0
d59b043eacbeba465d7781520437a004,0
394c9f7059f714958eb198c25025fd4f,0
5b7c68de611f791ff1e748366788a0a5,0
09b9215f3c76affa7ef44fbe436ce6aa,0
7af45fa7cf2445a49f7ae51de9c8976e,0
dab1455baf0bc37a21eb09108be59f0b,0
c55a1998f8016b7b5c6f96595b9ca1ba,0
84f5e8ba3907f6e1331cada6deafad28,0
90cec2edae95b42e5449b92c5be423ec,0
36fc312af0eb6c12483bc770c5a1b602,0
16e51b5e56a606959251bdb9421f273c,0
61b5cb5a9e7e34931d823f80caedb22b,0
c25b01e9e2ecbe708fd3dcb825b36c0d,0
f57e35d140a51a60d430571d6ff3fca6,0
82c923a1efa8e3d7582f40c8e3165dbf,0
1d7e7f8d71b21e304c47735a4035f8a2,0
7ed8cefe43af0b612b9ea6c7013e25d0,0
405f711f23d4d07461c35c730567c74c,0
b885b895489fe86d1cc7c1984b638410,0
43fc7d6db7a6ac1462e2dfb77e06cca2,0
a4a9e753f704ab63a46498958231bb76,0
b340bec8d65f63030959c0a18ec2ec30,0
3ce2e2166d6e5438ef9a5942bfa7652d,0
d709f5f7e77a63121906aef7aa3c345a,0
45e7fa7be62a9d0b0b5bbef1756b30d2,0
5fdb58f74260884adae8447a7c45ac31,0
80078a0d898904b05c249cada1321421,0
3ef5fbad251b80d1fee77bdd803660a0,0
8b00ac520edc0a12204b79ec99320548,0
13c81dbd427389bb10007c8f5447ec01,0
b5d6a6840338918d2dc7cd1108eca002,0
8361ac7aa4a73f89029d0a4748c39d7b,0
9245468798e2402dc0eefcc074bec1fe,0
366a521d60520bd9789ef5c1b0a30f04,0
5db95ed42189cc2ed17414fb12aafc7c,0
171ffa170eb76e9162f8c4a9661f2b22,0
0b9111c7ae0f75a8a8d1414e89cfc837,0
22f37e762e97cd6efa191b2d8179d7ce,0
dfa4487f68e9211a8af0c63fd0c6f08b,0
185da5c69cb7c31a6c94f2a2026b45d4,0
a964426fabcba84dfa542433d86ec2ea,0
aab09d99cf7ba8e1e10e67ee8f1e186a,0
51f7a0376c2589e041cf1d56a8436dec,0
fe73f73dc432060495109fdc39beaf05,0
cf5f37c04b0e87a1c55b741cb9c27472,0
daebf54233b98ebd0f5e39b909b97005,0
f6ce3da4db5f8e1819c5ee09333f6977,0
4ab9d6eadf7510198f468d10fc29f689,0
2868e5a3fa19e9faecbe962bdcc6ba10,0
08df051d705a028f1a6faae6cb9bfa97,0
c21cd42f66e756df532867295935eb48,0
493b950397f60b87d4b655625eca5d2b,0
d73b10aa7050f685018c9c109119924a,0
80f3689480b50afb66d6d456ac0e2eec,0
c2bb39882181019dea2769b68f0c4fcf,0
ab4689f8e8e704fd203709052fff8103,0
00bdfdc3a749cb55e90f0c83ac90d167,0
c20fb406d4eba1537803984fe96027b7,0
240b37ddec087a8eddc30a7f4dd77a97,0
72339939e874b61ca50ab007b7f040fa,0
e768917d5fad4f230fd1fe7dde4dabab,0
c18c5e8ba242f7219c9b97fa0c700580,0
c3ff44254b0c17dd1492ada3cddb03f1,0
06fffefeef184533810b85af84f834e5,0
cf13765f9b9c4d5344d5c6fc62ea675a,0
1df63000e1dbf47ec6716ae5e03366e4,0
c9d613a67b2a26b8bb102c157b947fb3,0
73435b0e37b605e5aaab6a492ad6a899,0
54475cb8386b6b090811ec9bbc00090c,0
1f314bb5925c1aff2a3e66bbd3ecf6c6,0
8f1ed911e311cc8ed6f7b558f075e3fe,0
de15b8b13f88b6c79669f9531dca81a2,0
dfe0183f56505481dd92caf9f591abd9,0
ba4326806ed2ecbbb07c0d45be951d11,0
8f14e61eb73351b009c78eb537acbfcc,0
73c521a829b560982be63ba0ba0eeb8c,0
bd326eeab3cfb04a23c12c5446a72bbc,0
a3dbd0dac2f77b37eaaed164e957e7e0,0
1af6be82eb49537954e5927e4d78fe18,0
3b54a8e2bff9fe3ed683fec28bdc0010,0
396134e27ff337b20a5f20f307bf3965,0
c698acaa881386ec15f2575277736c28,0
104e508578fb39269df7e540229cc215,0
8d3379753f63dd60047c2686b65adfad,0
dd532049b28506f06a8be6e14d68698c,0
e232bd05614f810ffe6b3401ead0a325,0
7cba146589a87bb9ba0693a12a42bd92,0
ce62354e7fce5a2cbfb703a0c9854897,0
544cc8941deaacb19592128230b91b6f,0
08c2effed3e3eabd828cb28d1b39cc4a,0
4a0d34312503f14bf9af94f562fda230,0
d3820d00e5667e889a73ec8515f2ded9,0
b40f25d5ed1afe3d21e4d895d28e240c,0
9efb20b3cada5eea2139c87dc55dbf0e,0
c4f55c0146c32267477862cfc08b5b76,0
6fa987c2a27ec0def30aa5e156f2300e,0
37d9e4d218003808382f45c1fccb855e,0
01a14d039a010c3c0db13efe0ba578bb,0
0897879e57165e790b671127f50489db,0
fe4b37b4ae13d0fe55c5050b9a85fdf0,0
9c783d781f329d54f115af1ec1879d7e,0
95f4852d4611e4d8d4de1844bed77cd4,0
7027ce939c68d640c47b687ce890bb5b,0
2f443cf8e1830594864e100db7783030,0
dd823ea8c791b405759639b011e9b8b5,0
6e92743d603567f7cd8f7e6017f58eb5,0
451241ef4072e58316169f3ce5b6ff48,0
a4928fe2eaa63c37b0fd7643276bc750,0
491725a43bb65ac538b7d6171480982a,0
4476e7b0f058f4f3d306fd4b5354eded,0
fe478d61222619432edc33461b020c57,0
3fcf182a44360b11061c34d92c8e3f09,0
d8cfb60dee2a24b300c1e279c520e286,0
af892498ae68cd83b5099d0fb5627b37,0
0661d3d08ed7e35572d6bc954769a65e,0
0278371473fc78507dd572c7673d8f56,0
02ce9f5db5d92069dd39df43a10faa4f,0
80c6ef73bb92759668a2e9d2177c326f,0
8ddb8197e05835a271a2ba1014410d3e,0
6b61a99e628305e5d55f46a2a9b8c045,0
34413ca935632d4fb52dcadb54781838,0
0707e68820a2c79cf0521c1c8cf3918b,0
3d6395c2bd2a4dc31f6ad300a5066cdf,0
ed66fe6e07ff679cfdff42c91ce55edd,0
79551ec0e1265853a7496671a42d0b41,0
8215ab5e3a0b64c4553275a396ed3419,0
53c0a76651d80a27aa148c883a11f5c2,0
2595937de7d870fd60f492608ba633d7,0
f79ec1ffa636d4333df702e84512be39,0
0f85bd871005c2d38cf4040739393fa2,0
86fadd1643aa1e11e723c740c2765b43,0
38481cd818d744e3ea678c379c112653,0
0227db897952e0792f6569b82d0b221b,0
74ac2ce975dea88672f92ede3ece1364,0
063d7bf19d25e70b3057ae4abcd597b9,0
050627f20bb3ff887ad955ef09c17259,0
37e4e8563501bf195b8b7b3c4a8be7e3,0
cc7bc7d4ab982a2707b51a2806c25498,0
9f4c837e4f8758243254469327e920af,0
0a9f41892122b36f7eeecfb9265c35a4,0
892b573734b0591adf48be3524f193fe,0
09164a6f02b45251c0333811f942918c,0
aba4c6ae94db25f4096794dafea8d3f8,0
d83fa20ca1bcc433c68ceccc9d5fbba5,0
27f926ca760595ea0c8a166b934f4796,0
e6be05a0ce4b19603391efb32c2cc5cc,0
27458eeecd6435cdf474d49b00df61fa,0
a72860a34c56b2b17ad9cc408e7b5ed5,0
922b26c086d0b085d18013276a6221ea,0
a6e4433dc170e9ca46daddec1bb4c9aa,0
28def6f11d6c7da2b58bc0777fbcb09d,0
dbdb18f43156b9c52183d94f70678042,0
423e7a9ac6f2f164a78c7a0aef6bbe31,0
c79e88efaf6c450743465caed48bbaf8,0
9f97b1beb60cbd5c2115d22b3caf82a7,0
ca6b198cb6f2596731f1315fa40c72f0,0
59aa20a8d409c7af88875a7f72af1bc5,0
1fbf0a9afab09f456707b2d1d6125da6,0
564e768703a1e303314a4dec6c580e1b,0
d7df0afca0c3a550f6a2184130436be9,0
2dbb9861d1cb0ce4e1d2aaa2fba4f435,0
bbfef4c1a8b04d7e19563e9bb7d0f6ef,0
944f10b0bd94e1f7c2a955044eac10fb,0
ef90fe1188ab2fcc6aba0126efeb131c,0
0286e056e2a4c074b7cb4312b8c2a368,0
fdb1e8be7026f3dfc84f7ff5ec5a176e,0
4ce43aeb7f0ccb29a96bed6c43c48a2b,0
2f0805fc68ddc7ac955144c0e7d713ea,0
a74fe6d4812fa93a1afa1a6a334ebdda,0
2aa81087d002e7eacaf0e83ee4b9cdf6,0
45748fda87f1adca39145203e23a8f5a,0
6a18f8ea41f76a2a6265ade4a3534578,0
61e21f755a18cce3a5e8163300534a44,0
1fce094807d2e690e306df1f762cec05,0
f6019a39f3b3c5def25341b62eee138b,0
d72e53154527019e76be97f48769f802,0
64d5a6c952cc8f70b61a4ef73d68a74e,0
a15ec4d768e8e54ca3c460c75a59199b,0
bd7704cce93e406700901878c38fd7bd,0
fbf4d9f8b84154afe1f55a63a1359bff,0
5af239e79a8eafb4fa55dc3b6e45a45e,0
bcf33b7e3eb56238ccf8a09339dd1800,0
4a6c733cc46b5d5fd1e11186480a4ff7,0
90af544d56401138aade6c2a23599662,0
2f16e7d9a938bcddfd90eb90e99a6650,0
2102c0174f5cb5676332f7ba6d9cbbd6,0
aeaaf72d148318e536aea8351b7f2604,0
9c9fd24f4db6b42a1c233db246f41f8f,0
45314291a234df17f04822dc4a322a4d,0
ef478326bd1db31bb69ff791ea9fc12b,0
c16dd3b4b62e288dc5976af1e3b8f7fb,0
e1d669c6aa63b19fcf530e24e77b10d4,0
4d515f5229f238913fddb325c0ee91c5,0
b13cc584a4ebfacec9dbbc75124df7ff,0
771e61d45defbf3bd0950169adcc9c85,0
65e326d8738d7893d11fd7644a4b3544,0
11f1c8157d373395baf24a47d932ced6,0
b356dc8928f132aab11500b83266d83c,0
00069663a97a439538d04d3a7cd659a1,0
37106d4326b76c56f7869a40fb48d8d4,0
ae854f331d1b39c97d469af29127d3d8,0
c36cd0590e9090b706dcd3412fa972f7,0
de291624d045032e88e29bda462a6be4,0
6a76ec66ce37344267ef07b5fd4740cb,0
d5562295e47714bf371c0767c35c5f88,0
be619e03b0ebbe9dc64029020860a6d0,0
88272839b651ae9b07516439b05b4071,0
f9f5916e7faa44a253bb1d2f13433b65,0
39f058eec1abc6b9afb178df0488bfd4,0
ccd87e768b8bb7a492831148bdef1a5c,0
66b2a9efc264104a2e1c4f8984c658bd,0
5001bf1969fd65ec84d366f9e156079f,0
d3e0dc253e512c69a9e9ebda9238e396,0
5fc22d690f74448973bf0d51f3f3ca63,0
6c21a992db00de80281856ffd85063fb,0
e6d98b6201ac82160e749f5ffd1d3283,0
31d18ba3c20189788bf6b4683b0bdfdd,0
8ee432a94def42d6d08cd872bfb9d042,0
ca8f3e3123eec6aee7daa32f48e4fa04,0
af09faed3cb7925d3f6788630f4ee1dd,0
4933515684bff8d792c4125bc67cb6a5,0
ef1accf2b84476e9d99c885f42fd9abb,0
99336b8eacf0a3c1c7c58d22fa0986f7,0
f4958f3a28dc37ee3652d125440f206b,0
d609e036f39dcda2a9cc70d9e56eef92,0
2b3c811655506cac19efc8e999d1bc64,0
8f002542532f4f77b8562f4114223d41,0
26ec49d26bd2dc8f6323469721dcef6e,0
8060018b4c94d7acc466070fe1d6434f,0
a4d047f8895501b2e43a0cd7782da8ba,0
c2eef5ce323a2ad7b225007d336371e6,0
c211229da315671b89260253de85b6a7,0
b3a22cd3ab5a883ca8b32d31b313b701,0
f19beaa04d05fd98c0e8756034334b05,0
289fa386ad7b24639c90a3bdf458d41d,0
98c03de32c9c7e24ec500e0af37bed49,0
f5efd9e526a38b7eecd90f1a8e28e6f9,0
dc6357200a19540d5538c72fab03aea1,0
e1fe242cd762ea253f62a0db6d3097d6,0
ee703f07bd59599f050f2549cf63a98e,0
a3cf6d82f5227f30991d8d43cab636ef,0
8a48926453017c042211f46fe2dadf14,0
24750871399f82e4d1115f9a86d26943,0
d236909204989fc5e84f8c2148c2e205,0
70e7d5d6029a45cecfdedaeb7ec1d543,0
33b1749fd4cc74109cf4ed59244c3c92,0
fe0e7e04f506e825f16c86524dd70107,0
aa3cc79f0b2e361c55d71ad50f69f805,0
2e26c1b6e184ff96f471b3edc3f7aeef,0
3171b333e340be8ff66828a9575ca320,0
1df5fed94abef02d49bb32766d9a2dbe,0
078bd19b890bd4ff7904b0274243794e,0
c60b501f497649a3d78f1ef30f52cc5b,0
45723c367db88e018dc6a4dec191f3cf,0
597559ca8935ad0f271c3ce5db346f36,0
1f40a54b5bf5868f7589731ab44b6519,0
44536aba93c1e6f24fa085414511056d,0
23cfa0f0694fe544c791b76a0c342340,0
73cda40a3d5deadd9a0638070470cec2,0
0d6f11e23b19f0c2af2a8f395ff3143f,0
fc930ca96e291e56b8119d80591fc459,0
4176e9f3e59084dbb02290ce3f019596,0
a2ab09340f142382cf7ec110dff529f2,0
216221152ea7e4c82d157651fabe58e9,0
e326bf9bf696fd57e9e3938c756cfb95,0
a9707ad6750d5cdaa9e8a4bb8bbb0105,0
22310341ae0130a4e47e6281b393fd41,0
48c870b8af778bf479fd6101aaedf8bc,0
4e4d4f0b0b38fe53dc9712993335012c,0
f8dc1b9768e3f616ef6c1046b514c4b0,0
a7a1a647911b23b3565a5e857fab9e10,0
63121521900421ee8547cbde171697cb,0
7a3be994d6428940a7a563f079a59dc6,0
e9b08bc498e66f535576d9373e2a2019,0
a10f6addccb684fe81ebd251d65f482c,0
d16ba8dde33387435a6ac6dc2afb4b97,0
3fd623fc9b72b4058ff718cad8135323,0
b2f018a36ea7467d3a71efeea81a07de,0
7daf630a37381d289ba4939c1c2a617b,0
df6ba003aa7f170424055af23c2e5e83,0
a7958ac1fbbbfd6dd3fa2f1d3dbf9911,0
f29e20ed1cd8e69b7aeb6d63044af74a,0
8b1f11564a65683697e3aa352d0a1e84,0
7cf33941bf1cdf97725afb19a650d376,0
d429fb373ee2fe848b34c50e093c1386,0
4996d754b61a1b65cda2fb8c611e9381,0
7bbad6a56372ad46f9014bae15677afb,0
4570ba86172d105686a3157ee95db819,0
17f1be11ec6c8b08d3538bc68b8d3c44,0
59f0e23445f0e99864b2af7467afff5d,0
2f5718312de75f4455eb4bf859f3ca5e,0
864d47ab388ea96ad9b7407f4f587f82,0
03ce0f922f9ce7877e57bcdccbc9c8b4,0
dbf88b85b58f93a4fbd40a56497ba0a0,0
d8efa0fd35f77900847d354d379e507d,0
900d2870fd9226a3d3743be67bfdbc77,0
3c25845f88f0ca0e2e3ff5982b5bf95f,0
0f5c30dcce3d48a6bb5372ee55bc6730,0
b75e3311104727214fb19c8ed2c37df2,0
b18ca7809900437228db616fd8ad3f74,0
70c8c4147f676611db04c0d04aa1a4f4,0
9ca4bc74f2872d575830ca576a64803c,0
bd99ef186549746ff725ccfb2f68781c,0
d80958deb149e4c4f6b0661e3766e906,0
cc4868fa95f431b7fe3a826ed17b3eeb,0
6e6e92be9c95ccb03ed3e6c5347e3952,0
ab3571d053a2ef84e9c870a929697cba,0
959f5322d3c38136b22fc4085e64c6d8,0
c21a3da89bcb329551ca521425fe2c10,0
fd7bd45123ac3473e0985abe21288716,0
ccadb91fa47792ad8fb25d8f714dd789,0
eb1eebea2b2500c25138b77fb7b02ca8,0
d0e98c3b5d95f0f968c45bc09abaa9e5,0
4820706f9fa0f40095ecbf646f7efc21,0
d1b34f159ffa54c5c3ad57867d6bd5a7,0
2d594547651eff503f7971b6c64c4666,0
67e7c5290e5eb4aa6a370b31cbdaa7e5,0
f9c26dd50d4c378ed28f74174fc2e96c,0
1c3d53a2b822d31966796514d4ddbef7,0
051d8791f4b05c334ea177f7c56e6951,0
c47780167649629aaf999c3934cf6823,0
34fb2251489ed76bef41616b16e28349,0
617cf7588c8d9b4fcf93ad5e7988b35c,0
8ab631c781849e2d37a5a9ceffe325ac,0
683c130d223300d71e0527aaa57a8d7a,0
1ddfed61ad098e98e1e9e91877d5a1f6,0
a5760decf6b55b40632d2cb4ab0790f1,0
8feae38b361d07a484582140ac108f57,0
fca2e9bca58dbf72616470e177ffe72c,0
03290f49f5780f5141cdbd507bf26357,0
9565c4aa00e45ed97ec045239c7b2aa0,0
e6c152df7b7dcb67f59436298f555905,0
53067841b29137f2ed890a8669acd6f7,0
46398909a87845ea3c6391b4ad803dd2,0
638e7ef519b508cd9e7e7e3adc567f15,0
2151c29c28872aee0a95a22a27e19d82,0
626d29b5c4167f8916ef4037e7db6a52,0
db8f769ff3f6279cd8c32ee24a1bf034,0
f19744212093e86db6a7d5a16c540830,0
cebf9fad3dca0c09ac71fafd5ce4f694,0
56bbb244091f795a45882b3e59f5df92,0
4036f4189a7be3c54f701e17beec3a7c,0
7ccde8219aed84c803a6d587abafde91,0
396b11bc8172e8b9e0e1434b58cfcc1f,0
5cee2b8004536b136c9b1acd3e42fb87,0
f5b26f12ee27ad2f04b5bd8c34d37619,0
1c3e3d827623be301fdb777b6f8e02cd,0
2c7480e212809a03ad1f086cc67afe5a,0
dd6f927153be6f8e971fbc7a9e94f402,0
63e47f6a8cec8ea4d15bd5a8415e4d5e,0
f0bc725962e4e9ce2c0220055fc63af7,0
2bbae93da5b5c99fa29d033902c0164b,0
694cccd815a888d8885aac51a65b765c,0
621fd2564869acaff9633f6cc54e4025,0
e9acb1d159538b8c4473d3c8301b81cd,0
ad6c3e21e354456ba7f437bcc0b15bf2,0
8cc78bd5a78faf99ff59853dd7dbe560,0
29ef76d98ac2d23082bd157d0c0b7cee,0
0597d9cc6d6a531cd0b552de0661c379,0
111037931aa932a3d50aba004eeab949,0
1395fe823fcdbf7524c12eef47ca8101,0
8b613e94e270bb1d51230a45b02051b8,0
013278f30aedb03506b64363183fd4bb,0
72f2c0b868f417ca5b15809c2c138866,0
f1a8c18e5bf550a2276a9c5a8ef8c901,0
970f64615e9340b122ad8dc33743ffc9,0
4a971d6f920a562db5ef45393675959c,0
2f09515de08c2e80cbf488784743c14e,0
935aa92646cc31c3e810f3763feeba68,0
31fa9fcbaaee5d53e5ce78dd9d197aca,0
3ae66ca058385f996610d398b786e88c,0
745b57ac1ea614fe09fe9b519a8d04a7,0
cb2854de6b10d10e6aed3ea0d4645640,0
5718a67c755ddafe2d92fd37825da4e9,0
f86874b5adbe98e71afbfdaf6ef182b5,0
875d7d340d4ffe09dc0169ca8a2552a3,0
5168a60bf88caf09402cdd7964626ffe,0
99d6c12f68cf4bc0813ab9276449b1b1,0
2caaf6303f5ecf2c1c88e61165c91353,0
6ffb3d559fddd028fb3ed45b9989e725,0
e460ef7e9dda4590ad3ff0070b3feb0b,0
aea7be42aa81f13d719eed15e6fc1619,0
9e61a1959e2b0ab56fe7acddfaedd940,0
a9db3f37beb4132e110d8a10eb180074,0
dccc6870e38f8eda4d54ac6fe6f487fb,0
c52a79f9dc7ae3f5c75fcf9aeb3c0a72,0
2b10c4cc4736e43f5ed0373ac1d1550a,0
91b1b6933ee32db2dd0b3e9a734ea3d2,0
fb503ce6ce0249d4e6f58e55c764c90c,0
dcedc22fae9a636531e59de00c900167,0
dbc88b49e2a0facb51dccfb1530e1417,0
8cdf6ad7c2888c916731bbc42c39f96c,0
855f3be631332faf41fdcd5bea3aa7f3,0
710750f8fb77993400995d58f6e4deb3,0
98b0da67f7e0c1a8a5cb62c5dba73580,0
049959a885168c0c9ee3efbb6919c4a2,0
6a9d65fe7e8af102a8e0f3490be0f3b4,0
09445ff6857fa5864359fbbe6566c28c,0
e7b906b2a0a18f4cddd956a8c369c440,0
9535c353e3a27e105c63c0666454427d,0
80ba9a4bed8027cc34456bcbd80a4ca8,0
376bac36a668b80064a9be0ac531aaa8,0
1f9be35be983bde43b05a5087b5e57f2,0
ad65b18c141bfc8687010327ed89b04b,0
f7b51e6ba357df6f0b6352f203fc639a,0
d4f8f787342bb4448cce750084a6c9fd,0
684fbcec17b03db93ea634fd3372e8d4,0
3600df64b6e56dee3cccc1f01f2d86fb,0
0722a657d666dd8a3d2171c6a3a23838,0
cf01593f0d50a9d9cfcf06352740696e,0
bef8bef3c91456e778da2d244f16ee06,0
0328ebe83847d5fcae81bc55fa477c6a,0
555b5eeeb9b567be81fcca3063352217,0
fb71389dfb1bbacef51ebb737d713266,0
cb5f7b2d0ac3705bbfe85c2014d905c3,0
51b09111759aa96f0449bb167ef10616,0
bf8df7a531cde43f18b9946cc7ed67ae,0
93de7a57a7a0aadf36f6b8003e902406,0
f913a64e6b500eb74068806f76728969,0
7805586760aac4a52867468188e44144,0
e96e2c385a267d4d45c33bb8642f404b,0
ad5feb083237ea49812242a12c723113,0
16215b3b51049f8b1a1260f96a57fb65,0
847bf67bc1e329ccaa290f89c038d527,0
5947b7dd16383a5f76aaa6b2b2544b5a,0
47643ecf97c4c2e83ba279d39c905fb1,0
77002651ad0a181e008564e24d4d9676,0
20e9f1b0e9512666889f5bcbac4e1f5b,0
a036e249655aad6e3ab2bb9540f735b3,0
ec1a434fa8ad5ca1c27cf8deb6acec7b,0
34c519700ddd4e4e7f9892b19c54006d,0
2cc0bf3a15f6f65ef20f9da2185fc523,0
baecdafdaf5639f337bf533586b4bace,0
368ed019b77fb4e4e384763f13e95705,0
46c41cf8365d613d6ba6eb5c5b5e2192,0
5cdf08fed427248fb56227b20d9e20d3,0
94849571debfdb8098ee30f463c3d7ee,0
75d70c519339540a268cb50a2187c424,0
7a72e322e21710edf982a2238f1caf79,0
782e5f6b730b044e7dfdb879bc4e1ffc,0
88bb09a63f3d33028618cfaba65d5619,0
3d67cdf225a6a182aac63fa5408054a2,0
0c78d017e1e81643cee55f886c1743da,0
ac326d09bc247f00f405f389b4aea9c5,0
df125581f7cda44b8f3857e21a77425e,0
a2367b3b09b3dac5cdf0941b13831265,0
ac4f9308005c4f05d7c76846be7a6783,0
4008c82f7397c5c7db3958a496f510f0,0
bcb4ae1acf01d1d126534cce5e803b4b,0
90c49cd3dffaef69f61b927d2c3aa53c,0
931907b62ca2b1edb728f949605eb4a6,0
4f7210d0ad01646addcacad397b43fd8,0
a2256da4a09acfd3f6a445c0d159820d,0
8593b71ff15efc3b7d1e7e5fb3025ac1,0
9ce84297bab336173a3b544e11ec3c65,0
920a7dbd1d7d29bbdb41377d345e89f6,0
6849c607e316e7c1e0ceda16c6c5c659,0
94183c2eea2adc6daefcce21dc0f409c,0
6bde8d5141b021ee7675f197b7d394ab,0
7eb9131738df994f724c5a083ae3abfc,0
